kartas_nr,datums,pr_partneris,pr_pvn_nr,pr_datums,pr_numurs,darijuma_apraksts,vertiba_bez_pvn,dabas_resursi,atlaides,pvn_summa,kopeja_summa,due_date,client_reg_no,client_address,doc_type,items_json,comments,created_at
1,02.06.2026,"Bratus, SIA",LV40203628316,02.06.2026,LSEO 0002,SEO pakalpojumu sniegšana ,"400,00",,"0,00","0,00","400,00",16.06.2026,40203628316,"Ķekavas nov., Ķekava, Dārznieku iela 42, LV-2123",Pavadzīme,"[{""seq"": 1, ""name"": ""SEO pakalpojumu sniegšana "", ""unit"": ""gab"", ""qty"": ""1.0"", ""price"": ""400,00"", ""total"": ""400,00"", ""raw_qty"": 1.0, ""raw_price"": 400.0}]",,2026-06-02 15:06:17
2,03.06.2026,sia kaktus,,03.06.2026,BR 0003,Lāzeriekārta; modeļa nr.: KH7050; 80W,"4 505,00",,"0,00","946,05","5 451,05",17.06.2026,,karklu iela ,Pavadzīme,"[{""seq"": 1, ""name"": ""Lāzeriekārta; modeļa nr.: KH7050; 80W"", ""unit"": ""Gab."", ""qty"": ""1.0"", ""price"": ""4 505,00"", ""total"": ""4 505,00"", ""raw_qty"": 1.0, ""raw_price"": 4505.0}]",,2026-06-03 08:33:37
3,03.06.2026,"TRIIIS, SIA",LV40203733036,03.06.2026,BR 0004,Lāzergriešana gumija ruļļu materiāla; Griešanas testēšana; Omniva pakomāts,"88,00",,"0,00","18,48","106,48",17.06.2026,40203733036,"Ropažu nov., Garkalnes pag., Baltezers, Senču prospekts 1D, LV-2164",Rēķins,"[{""seq"": 1, ""name"": ""Lāzergriešana gumija ruļļu materiāla"", ""unit"": ""Gab."", ""qty"": ""1.0"", ""price"": ""75,00"", ""total"": ""75,00"", ""raw_qty"": 1.0, ""raw_price"": 75.0}, {""seq"": 2, ""name"": ""Griešanas testēšana"", ""unit"": ""Gab."", ""qty"": ""1.0"", ""price"": ""10,00"", ""total"": ""10,00"", ""raw_qty"": 1.0, ""raw_price"": 10.0}, {""seq"": 3, ""name"": ""Omniva pakomāts"", ""unit"": ""Gab."", ""qty"": ""1.0"", ""price"": ""3,00"", ""total"": ""3,00"", ""raw_qty"": 1.0, ""raw_price"": 3.0}]",,2026-06-03 13:15:50
4,03.06.2026,"TRIIIS, SIA",LV40203733036,03.06.2026,BR 0092,Lāzergriešana gumija ruļļu materiāla; Griešanas testēšana; Omniva pakomāts,"88,00",,"0,00","18,48","106,48",17.06.2026,40203733036,"Ropažu nov., Garkalnes pag., Baltezers, Senču prospekts 1D, LV-2164",Rēķins,"[{""seq"": 1, ""name"": ""Lāzergriešana gumija ruļļu materiāla"", ""unit"": ""Gab."", ""qty"": ""1.0"", ""price"": ""75,00"", ""total"": ""75,00"", ""raw_qty"": 1.0, ""raw_price"": 75.0}, {""seq"": 2, ""name"": ""Griešanas testēšana"", ""unit"": ""Gab."", ""qty"": ""1.0"", ""price"": ""10,00"", ""total"": ""10,00"", ""raw_qty"": 1.0, ""raw_price"": 10.0}, {""seq"": 3, ""name"": ""Omniva pakomāts"", ""unit"": ""Gab."", ""qty"": ""1.0"", ""price"": ""3,00"", ""total"": ""3,00"", ""raw_qty"": 1.0, ""raw_price"": 3.0}]",,2026-06-03 13:16:24
5,04.06.2026,"Omega Properties, SIA",LV40203352546,04.06.2026,BR 0093,TESTS,"4 505,00",,"0,00","946,05","5 451,05",18.06.2026,40203352546,"Ādažu nov., Carnikavas pag., Garciems, Briežu iela 10, LV-2163",Pavadzīme,"[{""seq"": 1, ""name"": ""TESTS"", ""unit"": ""Gab."", ""qty"": ""1.0"", ""price"": ""4 505,00"", ""total"": ""4 505,00"", ""raw_qty"": 1.0, ""raw_price"": 4505.0}]",,2026-06-04 08:24:29
6,09.06.2026,"LATTIMS, SIA",LV40003901631,09.06.2026,BR 0094,"CO2 tipa lāzeriekārtas apkope un regulācija; Lēca CO2 tipa lāzeriekārtai 50.8 fokusa attālums; 20mm diametrs; Testēšana un testa failu izstrāde, iestatījumu pielāgošana; Izbraukuma serviss Salaspilī 8.jūnijs; Izbraukuma serviss Salaspilī 5.jūnijs","310,00",,"0,00","65,10","375,10",23.06.2026,40003901631,"Salaspils nov., Salaspils, Skolas iela 13 - 48, LV-2121",Rēķins,"[{""seq"": 1, ""name"": ""CO2 tipa lāzeriekārtas apkope un regulācija"", ""unit"": ""Gab."", ""qty"": ""1.0"", ""price"": ""160,00"", ""total"": ""160,00"", ""raw_qty"": 1.0, ""raw_price"": 160.0}, {""seq"": 2, ""name"": ""Lēca CO2 tipa lāzeriekārtai 50.8 fokusa attālums; 20mm diametrs"", ""unit"": ""Gab."", ""qty"": ""1.0"", ""price"": ""45,00"", ""total"": ""45,00"", ""raw_qty"": 1.0, ""raw_price"": 45.0}, {""seq"": 3, ""name"": ""Testēšana un testa failu izstrāde, iestatījumu pielāgošana"", ""unit"": ""Gab."", ""qty"": ""1.0"", ""price"": ""65,00"", ""total"": ""65,00"", ""raw_qty"": 1.0, ""raw_price"": 65.0}, {""seq"": 4, ""name"": ""Izbraukuma serviss Salaspilī 8.jūnijs"", ""unit"": ""Gab."", ""qty"": ""1.0"", ""price"": ""20,00"", ""total"": ""20,00"", ""raw_qty"": 1.0, ""raw_price"": 20.0}, {""seq"": 5, ""name"": ""Izbraukuma serviss Salaspilī 5.jūnijs"", ""unit"": ""Gab."", ""qty"": ""1.0"", ""price"": ""20,00"", ""total"": ""20,00"", ""raw_qty"": 1.0, ""raw_price"": 20.0}]",,2026-06-09 12:55:58
7,11.06.2026,"Latvijas valsts meži, Akciju sabiedrība ",LV40003466281,11.06.2026,BR 0095,Lāzergravētājs | KH90140,"5 041,32",,"0,00","1 058,68","6 100,00",25.06.2026,40003466281,"Rīga, Vaiņodes iela 1, LV-1004 ",Avansa rēķins,"[{""seq"": 1, ""name"": ""Lāzergravētājs | KH90140"", ""unit"": ""Gab."", ""qty"": ""1.0"", ""price"": ""5 041,32"", ""total"": ""5 041,32"", ""raw_qty"": 1.0, ""raw_price"": 5041.32}]",,2026-06-11 13:23:50
8,15.06.2026,"Akciju sabiedrība ""Sadales tīkls""",LV40003857687,15.06.2026,BR 0096,Logo gravēšana uz akrila loksnes,"35,00",,"0,00","7,35","42,35",29.06.2026,40003857687,"Rīga, Šmerļa iela 1, LV-1006",Rēķins,"[{""seq"": 1, ""name"": ""Logo gravēšana uz akrila loksnes"", ""unit"": ""Gab."", ""qty"": ""1.0"", ""price"": ""35,00"", ""total"": ""35,00"", ""raw_qty"": 1.0, ""raw_price"": 35.0}]",,2026-06-15 09:36:36
9,11.06.2026,"Latvijas valsts meži, Akciju sabiedrība ",LV40003466281,11.06.2026,BR 0097,Lāzergravētājs | KH90140,"3 050,00",,"0,00","640,50","3 690,50",25.06.2026,40003466281,"Rīga, Vaiņodes iela 1, LV-1004 ",Avansa rēķins,"[{""seq"": 1, ""name"": ""Lāzergravētājs | KH90140"", ""unit"": ""Gab."", ""qty"": ""1.0"", ""price"": ""3 050,00"", ""total"": ""3 050,00"", ""raw_qty"": 1.0, ""raw_price"": 3050.0}]",,2026-06-15 09:39:59
10,18.06.2026,,,18.06.2026,BR 0098,Lāzeriekārta; modeļa nr.: KH7050; 80W,"4 505,00",,"0,00","946,05","5 451,05",02.07.2026,,,Pavadzīme,"[{""seq"": 1, ""name"": ""Lāzeriekārta; modeļa nr.: KH7050; 80W"", ""unit"": ""Gab."", ""qty"": ""1.0"", ""price"": ""4 505,00"", ""total"": ""4 505,00"", ""raw_qty"": 1.0, ""raw_price"": 4505.0}]",,2026-06-18 09:26:25
11,29.06.2026,Rīgas Būvniecības koledža,,29.06.2026,BR 0099,Plotergriešanas iekārta,"950,41",,"0,00","199,59","1 150,00",13.07.2026,Reģ. Nr. 90000025357,"Gaiziņa iela 3, Rīga LV-1050",Pavadzīme,"[{""seq"": 1, ""name"": ""Plotergriešanas iekārta"", ""unit"": ""Gab."", ""qty"": ""1.0"", ""price"": ""950,41"", ""total"": ""950,41"", ""raw_qty"": 1.0, ""raw_price"": 950.41}]",,2026-07-22 12:25:13
12,30.06.2026,Latvijas valsts meži,LV40003466281,30.06.2026,BR 0100,Lāzeriekārta 14090,"5 041,32",,"0,00","1 058,68","6 100,00",14.07.2026,40003466281,"Rīga, Vaiņodes iela 1, LV-1004",Pavadzīme,"[{""seq"": 1, ""name"": ""Lāzeriekārta 14090"", ""unit"": ""Gab."", ""qty"": ""1.0"", ""price"": ""5 041,32"", ""total"": ""5 041,32"", ""raw_qty"": 1.0, ""raw_price"": 5041.32}]",Ar avansa rēķinu BR0097 apmaksāts 3050.00 EUR. Atlikusī summa apmaksai - 3050.00 EUR.,2026-08-19 09:27:42
13,06.07.2026,Aigars Bukne,,06.07.2026,BR 0101,BEIJING EFR 50W CO2 Lampa; Piegāde uz Limbažu novadu,"181,34",,"0,00","38,08","219,42",20.07.2026,030790-11777,"Limbažu novads, Brīvzemnieku pagasts, ''Vecsilnieki''",Pavadzīme,"[{""seq"": 1, ""name"": ""BEIJING EFR 50W CO2 Lampa"", ""unit"": ""Gab."", ""qty"": ""1.0"", ""price"": ""160,00"", ""total"": ""160,00"", ""raw_qty"": 1.0, ""raw_price"": 160.0}, {""seq"": 2, ""name"": ""Piegāde uz Limbažu novadu"", ""unit"": ""Gab"", ""qty"": ""1.0"", ""price"": ""21,34"", ""total"": ""21,34"", ""raw_qty"": 1.0, ""raw_price"": 21.34}]",,2026-07-06 10:51:57
14,06.07.2026,Aigars Bukne,,06.07.2026,BR 0102,BEIJING EFR 50W CO2 Lampa; Piegāde uz Limbažu novadu,"181,34",,"0,00","38,08","219,42",20.07.2026,030790-11777,"Limbažu novads, Brīvzemnieku pagasts, ''Vecsilnieki''",Pavadzīme,"[{""seq"": 1, ""name"": ""BEIJING EFR 50W CO2 Lampa"", ""unit"": ""Gab."", ""qty"": ""1.0"", ""price"": ""160,00"", ""total"": ""160,00"", ""raw_qty"": 1.0, ""raw_price"": 160.0}, {""seq"": 2, ""name"": ""Piegāde uz Limbažu novadu"", ""unit"": ""Gab"", ""qty"": ""1.0"", ""price"": ""21,34"", ""total"": ""21,34"", ""raw_qty"": 1.0, ""raw_price"": 21.34}]",,2026-08-19 09:26:31
15,07.07.2026,"RIDE, Sabiedrība ar ierobežotu atbildību",LV40203212928,07.07.2026,BR 0103,3D pakalpojumu sniegšana. Skūtera karkasa printēšana; Prototipu izstrāde; 3D skenēšanas pakalpojumi,"2 688,00",,"0,00","564,48","3 252,48",21.07.2026,40203212928,"Mārupes nov., Mārupe, Sēļu iela 10, LV-2167Iepriekšējās adreses",Pavadzīme,"[{""seq"": 1, ""name"": ""3D pakalpojumu sniegšana. Skūtera karkasa printēšana"", ""unit"": ""Gab."", ""qty"": ""400.0"", ""price"": ""6,29"", ""total"": ""2 516,00"", ""raw_qty"": 400.0, ""raw_price"": 6.29}, {""seq"": 2, ""name"": ""Prototipu izstrāde"", ""unit"": ""Gab."", ""qty"": ""1.0"", ""price"": ""145,00"", ""total"": ""145,00"", ""raw_qty"": 1.0, ""raw_price"": 145.0}, {""seq"": 3, ""name"": ""3D skenēšanas pakalpojumi"", ""unit"": ""Gab."", ""qty"": ""1.0"", ""price"": ""27,00"", ""total"": ""27,00"", ""raw_qty"": 1.0, ""raw_price"": 27.0}]",,2026-07-07 14:24:15
16,07.07.2026,"RIDE, Sabiedrība ar ierobežotu atbildību",LV40203212928,07.07.2026,BR 0104,"3D printeru pakalpojumu sniegšana. Skūteru stūres stiprinājums (PETG, drukas laiks, vītnes iekausēšana); Prototipu izstrāde, modelēšanas laiks; 3D skenēšanas pakalpojumi","2 688,00",,"0,00","564,48","3 252,48",21.07.2026,40203212928,"Mārupes nov., Mārupe, Sēļu iela 10, LV-2167Iepriekšējās adreses",Pavadzīme,"[{""seq"": 1, ""name"": ""3D printeru pakalpojumu sniegšana. Skūteru stūres stiprinājums (PETG, drukas laiks, vītnes iekausēšana)"", ""unit"": ""Gab."", ""qty"": ""400.0"", ""price"": ""6,29"", ""total"": ""2 516,00"", ""raw_qty"": 400.0, ""raw_price"": 6.29}, {""seq"": 2, ""name"": ""Prototipu izstrāde, modelēšanas laiks"", ""unit"": ""Stundas"", ""qty"": ""10.0"", ""price"": ""14,50"", ""total"": ""145,00"", ""raw_qty"": 10.0, ""raw_price"": 14.5}, {""seq"": 3, ""name"": ""3D skenēšanas pakalpojumi"", ""unit"": ""Gab."", ""qty"": ""1.0"", ""price"": ""27,00"", ""total"": ""27,00"", ""raw_qty"": 1.0, ""raw_price"": 27.0}]",,2026-07-07 16:05:02
17,07.07.2026,"RIDE, Sabiedrība ar ierobežotu atbildību",LV40203212928,07.07.2026,BR 0105,"3D printeru pakalpojumu sniegšana. Skūteru stūres stiprinājums (PETG, drukas laiks, vītnes iekausēšana); Prototipu izstrāde, modelēšanas laiks; 3D skenēšanas pakalpojumi","2 688,00",,"0,00","564,48","3 252,48",21.07.2026,40203212928,"Mārupes nov., Mārupe, Sēļu iela 10, LV-2167Iepriekšējās adreses",Pavadzīme,"[{""seq"": 1, ""name"": ""3D printeru pakalpojumu sniegšana. Skūteru stūres stiprinājums (PETG, drukas laiks, vītnes iekausēšana)"", ""unit"": ""Gab."", ""qty"": ""400.0"", ""price"": ""6,29"", ""total"": ""2 516,00"", ""raw_qty"": 400.0, ""raw_price"": 6.29}, {""seq"": 2, ""name"": ""Prototipu izstrāde, modelēšanas laiks"", ""unit"": ""Stundas"", ""qty"": ""10.0"", ""price"": ""14,50"", ""total"": ""145,00"", ""raw_qty"": 10.0, ""raw_price"": 14.5}, {""seq"": 3, ""name"": ""3D skenēšanas pakalpojumi"", ""unit"": ""Gab."", ""qty"": ""1.0"", ""price"": ""27,00"", ""total"": ""27,00"", ""raw_qty"": 1.0, ""raw_price"": 27.0}]",,2026-08-19 09:28:20
18,14.07.2026,"PILSAKMENS, Sabiedrība ar ierobežotu atbildību",LV40103373486,14.07.2026,BR 0106,Misiņa plāksnīšu gravēšana un mehāniskā apstrāde,"97,65",,"0,00","20,51","118,16",28.07.2026,40103373486,"Salaspils nov., Salaspils, Zemeņu iela 13, LV-2169",Pavadzīme,"[{""seq"": 1, ""name"": ""Misiņa plāksnīšu gravēšana un mehāniskā apstrāde"", ""unit"": ""Gab."", ""qty"": ""31.0"", ""price"": ""3,15"", ""total"": ""97,65"", ""raw_qty"": 31.0, ""raw_price"": 3.15}]",,2026-08-19 09:29:40
19,16.07.2026,"LATTIMS, SIA",LV40003901631,16.07.2026,BR 0107,Lāzeriekārtas serviss; Gaisa padeves trubiņa; Izbraukums uz Salaspili,"62,00",,"0,00","13,02","75,02",30.07.2026,40003901631,"Salaspils nov., Salaspils, Skolas iela 13 - 48, LV-2121***Iepriekšējās adreses",Pavadzīme,"[{""seq"": 1, ""name"": ""Lāzeriekārtas serviss"", ""unit"": ""gab."", ""qty"": ""1.0"", ""price"": ""35,00"", ""total"": ""35,00"", ""raw_qty"": 1.0, ""raw_price"": 35.0}, {""seq"": 2, ""name"": ""Gaisa padeves trubiņa"", ""unit"": ""m"", ""qty"": ""2.0"", ""price"": ""6,00"", ""total"": ""12,00"", ""raw_qty"": 2.0, ""raw_price"": 6.0}, {""seq"": 3, ""name"": ""Izbraukums uz Salaspili"", ""unit"": ""gab."", ""qty"": ""1.0"", ""price"": ""15,00"", ""total"": ""15,00"", ""raw_qty"": 1.0, ""raw_price"": 15.0}]",,2026-07-16 11:30:24
20,21.07.2026,"ET Packaging Latvia, SIA",LV40003823905,21.07.2026,BR 0108,"1. Lāzergravētājs | KH90140; 130W
CO2","5 325,00",,"0,00","1 118,25","6 443,25",04.08.2026,40003823905,"Siguldas nov., Krimuldas pag., Inciems, ""Vētras"", LV-2145Iepriekšējās adreses",Pavadzīme,"[{""seq"": 1, ""name"": ""1. Lāzergravētājs | KH90140; 130W\nCO2"", ""unit"": ""Gab."", ""qty"": ""1.0"", ""price"": ""5 325,00"", ""total"": ""5 325,00"", ""raw_qty"": 1.0, ""raw_price"": 5325.0}]",Ar avansa rēķinu Nr. BR 0088 apmaksāts 3221.62 EUR. Atlikusī summa apmaksai - 3221.62 EUR,2026-08-19 09:30:27
21,27.07.2026,Ēriks Zalmanis,,27.07.2026,BR 0109,3D Printēšanas pakalpojumi,"16,40",,"0,00","3,44","19,84",10.08.2026,060795-10713,,Rēķins,"[{""seq"": 1, ""name"": ""3D Printēšanas pakalpojumi"", ""unit"": ""Gab."", ""qty"": ""1.0"", ""price"": ""16,40"", ""total"": ""16,40"", ""raw_qty"": 1.0, ""raw_price"": 16.4}]",,2026-08-19 09:30:01
22,31.07.2026,"ET Packaging Latvia, SIA",LV40003823905,31.07.2026,BR 0110,"Izbraukums uz Siguldas nov., Krimuldas pag., Inciems, ""Vētras"", LV-2145; Iekārtas pievienošana Ethernet tīklam. Dzesētāja pieslēgšana (Nepareizi saliktas trubas).","45,00",,"0,00","9,45","54,45",14.08.2026,40003823905,"Siguldas nov., Krimuldas pag., Inciems, ""Vētras"", LV-2145",Rēķins,"[{""seq"": 1, ""name"": ""Izbraukums uz Siguldas nov., Krimuldas pag., Inciems, \""Vētras\"", LV-2145"", ""unit"": ""Gab."", ""qty"": ""1.0"", ""price"": ""25,00"", ""total"": ""25,00"", ""raw_qty"": 1.0, ""raw_price"": 25.0}, {""seq"": 2, ""name"": ""Iekārtas pievienošana Ethernet tīklam. Dzesētāja pieslēgšana (Nepareizi saliktas trubas)."", ""unit"": ""Gab."", ""qty"": ""1.0"", ""price"": ""20,00"", ""total"": ""20,00"", ""raw_qty"": 1.0, ""raw_price"": 20.0}]",,2026-07-31 10:00:31
23,04.08.2026,"PrintRest, SIA",LV40203010056,04.08.2026,BR 0111,Koka plāksnīšu gravēšana,"157,50",,"0,00","33,07","190,57",18.08.2026,40203010056,"Rīga, Stabu iela 30 - 11, LV-1011",Rēķins,"[{""seq"": 1, ""name"": ""Koka plāksnīšu gravēšana"", ""unit"": ""Gab."", ""qty"": ""5.0"", ""price"": ""31,50"", ""total"": ""157,50"", ""raw_qty"": 5.0, ""raw_price"": 31.5}]",,2026-08-04 08:31:00
24,04.08.2026,Edgars Rudēvičs ,,04.08.2026,BR 0112,Plotergriezējs Kh-1340,"300,00",,"0,00","63,00","363,00",18.08.2026,010978-12456,,Pavadzīme,"[{""seq"": 1, ""name"": ""Plotergriezējs Kh-1340"", ""unit"": ""Gab."", ""qty"": ""1.0"", ""price"": ""300,00"", ""total"": ""300,00"", ""raw_qty"": 1.0, ""raw_price"": 300.0}]",,2026-08-04 12:17:59
25,04.08.2026,"LINES UP, Sabiedrība ar ierobežotu atbildību",LV44103097401,04.08.2026,BR 0113,Reci W6 CO2 stikla lampa 130W; Jaudas regulators CO2 stikla lampai,"870,00",,"0,00","182,70","1 052,70",18.08.2026,44103097401,"Cēsu nov., Cēsis, Lenču iela 19A, LV-4101",Pavadzīme,"[{""seq"": 1, ""name"": ""Reci W6 CO2 stikla lampa 130W"", ""unit"": ""Gab."", ""qty"": ""1.0"", ""price"": ""850,00"", ""total"": ""850,00"", ""raw_qty"": 1.0, ""raw_price"": 850.0}, {""seq"": 2, ""name"": ""Jaudas regulators CO2 stikla lampai"", ""unit"": ""Gab."", ""qty"": ""1.0"", ""price"": ""20,00"", ""total"": ""20,00"", ""raw_qty"": 1.0, ""raw_price"": 20.0}]",,2026-08-04 13:35:14
26,04.08.2026,Kristaps Smailis,,04.08.2026,BR 0114,3D printēšanas pakalpojumi,"13,18",,"0,00","2,77","15,95",18.08.2026,180313-27299,,Rēķins,"[{""seq"": 1, ""name"": ""3D printēšanas pakalpojumi"", ""unit"": ""Gab."", ""qty"": ""1.0"", ""price"": ""13,18"", ""total"": ""13,18"", ""raw_qty"": 1.0, ""raw_price"": 13.18}]",,2026-08-04 14:42:26
27,05.08.2026,HRS SERVISS SIA,LV40103358152,05.08.2026,BR 0115,"BOFA V 250 dūmu nosūkšanas iekārta, pulverkrāsots 
korpuss, 230 V, ar uzstādīšanas komplektu (Install kit) ; Priekšfiltrs (iepakojumā 5 gab.); Kombinētais HEPA/gāzes filtrs; Piegāde: Krustpils iela 35A, Rīga","1 614,50",,"0,00","339,05","1 953,55",19.08.2026,40103358152,HRS SERVISS SIA,Pavadzīme,"[{""seq"": 1, ""name"": ""BOFA V 250 dūmu nosūkšanas iekārta, pulverkrāsots \nkorpuss, 230 V, ar uzstādīšanas komplektu (Install kit) "", ""unit"": ""Gab."", ""qty"": ""1.0"", ""price"": ""1 212,00"", ""total"": ""1 212,00"", ""raw_qty"": 1.0, ""raw_price"": 1212.0}, {""seq"": 2, ""name"": ""Priekšfiltrs (iepakojumā 5 gab.)"", ""unit"": ""Gab."", ""qty"": ""1.0"", ""price"": ""46,50"", ""total"": ""46,50"", ""raw_qty"": 1.0, ""raw_price"": 46.5}, {""seq"": 3, ""name"": ""Kombinētais HEPA/gāzes filtrs"", ""unit"": ""Gab."", ""qty"": ""1.0"", ""price"": ""336,00"", ""total"": ""336,00"", ""raw_qty"": 1.0, ""raw_price"": 336.0}, {""seq"": 4, ""name"": ""Piegāde: Krustpils iela 35A, Rīga"", ""unit"": ""Gab."", ""qty"": ""1.0"", ""price"": ""20,00"", ""total"": ""20,00"", ""raw_qty"": 1.0, ""raw_price"": 20.0}]",,2026-08-18 12:34:08
28,07.08.2026,Valman Print OÜ,,07.08.2026,BR 0116,GC16/4 savienojuma lodēšana un pievienošana rotējošai iekārtai,"25,00",,"0,00","5,25","30,25",21.08.2026,16887784,"Ida-Viru maakond, Narva linn, A. Puškini tn 15, 20309",Rēķins,"[{""seq"": 1, ""name"": ""GC16/4 savienojuma lodēšana un pievienošana rotējošai iekārtai"", ""unit"": ""Gab."", ""qty"": ""1.0"", ""price"": ""25,00"", ""total"": ""25,00"", ""raw_qty"": 1.0, ""raw_price"": 25.0}]",,2026-08-07 12:30:47
29,13.08.2026,"KRM, SIA",LV45403056666,13.08.2026,BR 0117,Lāzeriekārtas SIHAO; 7050 apkope un optisko daļu regulācija; Izbraukuma serviss Arendolē,"258,00",,"0,00","54,18","312,18",27.08.2026,45403056666,"Rīga, Indrānu iela 14A - 13, LV-1012",Rēķins,"[{""seq"": 1, ""name"": ""Lāzeriekārtas SIHAO; 7050 apkope un optisko daļu regulācija"", ""unit"": ""Gab."", ""qty"": ""1.0"", ""price"": ""165,00"", ""total"": ""165,00"", ""raw_qty"": 1.0, ""raw_price"": 165.0}, {""seq"": 2, ""name"": ""Izbraukuma serviss Arendolē"", ""unit"": ""Gab."", ""qty"": ""1.0"", ""price"": ""93,00"", ""total"": ""93,00"", ""raw_qty"": 1.0, ""raw_price"": 93.0}]",,2026-08-13 14:53:53
30,13.08.2026,"KRM, SIA",LV45403056666,13.08.2026,BR 0118,"CO2 lāzeriekārta ""WATTSAN"" 6090; 100W komplektā ar dzesētāju CW5200; RECI 100W; piegāde un uzstādīšana Arendolē","7 350,00",,"0,00","1 543,50","8 893,50",27.08.2026,45403056666,"Rīga, Indrānu iela 14A - 13, LV-1012",Pavadzīme,"[{""seq"": 1, ""name"": ""CO2 lāzeriekārta \""WATTSAN\"" 6090; 100W komplektā ar dzesētāju CW5200; RECI 100W; piegāde un uzstādīšana Arendolē"", ""unit"": ""Gab."", ""qty"": ""1.0"", ""price"": ""7 350,00"", ""total"": ""7 350,00"", ""raw_qty"": 1.0, ""raw_price"": 7350.0}]",,2026-08-13 14:59:23
31,14.08.2026,"STARTS, Sabiedrība ar ierobežotu atbildību",LV45402006738,14.08.2026,BR 0119,RECI W4; 100W,"600,00",,"0,00","126,00","726,00",17.08.2026,45402006738,"Jēkabpils nov., Jēkabpils, Bebru iela 2A, LV-5201",Avansa rēķins,"[{""seq"": 1, ""name"": ""RECI W4; 100W"", ""unit"": ""Gab."", ""qty"": ""1.0"", ""price"": ""600,00"", ""total"": ""600,00"", ""raw_qty"": 1.0, ""raw_price"": 600.0}]",Pasūtījums tiek apstiprināts saņemot avansa apmaksu.,2026-08-17 07:59:25
32,14.08.2026,"Baltic Design Consultants, Sabiedrība ar ierobežotu atbildību",LV40003832452,14.08.2026,BR 0120,3D printēšana uzrakstam; PETG 3D printēšanas materiāls,"145,00",,"68,30","30,45","175,45",20.08.2026,40003832452,"Rīga, Dārzaugļu iela 1B, LV-1012",Rēķins,"[{""seq"": 1, ""name"": ""3D printēšana uzrakstam"", ""unit"": ""stundas"", ""qty"": ""62.3"", ""price"": ""3,00"", ""total"": ""186,90"", ""raw_qty"": 62.3, ""raw_price"": 3.0}, {""seq"": 2, ""name"": ""PETG 3D printēšanas materiāls"", ""unit"": ""KG"", ""qty"": ""1.6"", ""price"": ""16,50"", ""total"": ""26,40"", ""raw_qty"": 1.6, ""raw_price"": 16.5}]",Pasūtījums tiek apstiprināts saņemot avansa apmaksu.,2026-08-31 12:26:44
33,15.08.2026,Mārtiņš punculis,,15.08.2026,BR 0121,Co2 lāzera lampa eCo2 HLC150,"1 061,50",,"0,00","222,91","1 284,41",29.08.2026,221190-11805,,Avansa rēķins,"[{""seq"": 1, ""name"": ""Co2 lāzera lampa eCo2 HLC150"", ""unit"": ""Gab."", ""qty"": ""1.0"", ""price"": ""1 061,50"", ""total"": ""1 061,50"", ""raw_qty"": 1.0, ""raw_price"": 1061.5}]",,2026-08-15 12:41:13
34,22.08.2026,Oļegs Pavlovs,,22.08.2026,BR 0122,3D printēšanas pakalpojumi un pēcapstrāde,"46,00",,"0,00","9,66","55,66",05.09.2026,,,Rēķins,"[{""seq"": 1, ""name"": ""3D printēšanas pakalpojumi un pēcapstrāde"", ""unit"": ""Gab."", ""qty"": ""1.0"", ""price"": ""46,00"", ""total"": ""46,00"", ""raw_qty"": 1.0, ""raw_price"": 46.0}]",,2026-08-22 10:06:11
35,26.08.2026,"Labakareklama, SIA",LV50203686301,26.08.2026,BR 0123,"Reklāmas zīme ""Bulta"" ar LED gaismām un kontrolieri; Uzlīme ""CAFE""; Piegāde, uzstādīšana un montāža","560,00",,"0,00","117,60","677,60",31.08.2026,50203686301,"Rīga, Kalnciema iela 81 - 11A, LV-1046",Pavadzīme,"[{""seq"": 1, ""name"": ""Reklāmas zīme \""Bulta\"" ar LED gaismām un kontrolieri"", ""unit"": ""Gab."", ""qty"": ""1.0"", ""price"": ""465,00"", ""total"": ""465,00"", ""raw_qty"": 1.0, ""raw_price"": 465.0}, {""seq"": 2, ""name"": ""Uzlīme \""CAFE\"""", ""unit"": ""Gab."", ""qty"": ""1.0"", ""price"": ""45,00"", ""total"": ""45,00"", ""raw_qty"": 1.0, ""raw_price"": 45.0}, {""seq"": 3, ""name"": ""Piegāde, uzstādīšana un montāža"", ""unit"": ""Gab."", ""qty"": ""1.0"", ""price"": ""50,00"", ""total"": ""50,00"", ""raw_qty"": 1.0, ""raw_price"": 50.0}]",,2026-08-26 09:47:59
36,01.09.2026,"Kokradis, SIA",LV40203019229,01.09.2026,BR 0124,Šķiedru lāzeris; Piegāde un apmācības iekļautas; Rotējošais instruments (rotary tool),"2 892,56",,"0,00","607,44","3 500,00",15.09.2026,40203019229,"Jelgava, Dzirnavu iela 3, LV-3001",Pavadzīme,"[{""seq"": 1, ""name"": ""Šķiedru lāzeris; Piegāde un apmācības iekļautas"", ""unit"": ""Gab."", ""qty"": ""1.0"", ""price"": ""2 642,56"", ""total"": ""2 642,56"", ""raw_qty"": 1.0, ""raw_price"": 2642.56}, {""seq"": 2, ""name"": ""Rotējošais instruments (rotary tool)"", ""unit"": ""Gab."", ""qty"": ""1.0"", ""price"": ""250,00"", ""total"": ""250,00"", ""raw_qty"": 1.0, ""raw_price"": 250.0}]",,2026-09-01 07:22:48
37,08.09.2026,"ENERTEK, SIA",LV40103834553,08.09.2026,BR 0125,"Lāzergravēts alumīnijs (1.5 mm, KKS kods, teksts, QR kods)","959,84",,"0,00","201,57","1 161,41",22.09.2026,40103834553,"Mārupes nov., Mārupes pag., ""Lidostas parks"", LV-2167",Avansa rēķins,"[{""seq"": 1, ""name"": ""Lāzergravēts alumīnijs (1.5 mm, KKS kods, teksts, QR kods)"", ""unit"": ""Gab."", ""qty"": ""857.0"", ""price"": ""1,12"", ""total"": ""959,84"", ""raw_qty"": 857.0, ""raw_price"": 1.12}]",,2026-09-08 08:35:09
38,09.09.2026,"Sadales tīkls, Akciju sabiedrība",LV40003857687,09.09.2026,BR 0126,"Šķiedru lāzeris 50W 200x200mm; Iekļautas visas papildopcijas (piegāde, uzstādīšana, apmācības, nosūcējs)","4 278,43",,"0,00","898,47","5 176,90",23.09.2026,40003857687,"Rīga, Šmerļa iela 1, LV-1006",Pavadzīme,"[{""seq"": 1, ""name"": ""Šķiedru lāzeris 50W 200x200mm; Iekļautas visas papildopcijas (piegāde, uzstādīšana, apmācības, nosūcējs)"", ""unit"": ""Gab."", ""qty"": ""1.0"", ""price"": ""4 278,43"", ""total"": ""4 278,43"", ""raw_qty"": 1.0, ""raw_price"": 4278.43}]",,2026-09-09 09:41:52
39,10.09.2026,"DK UNITY, SIA",LV40203182303,10.09.2026,BR 0127,SKU: D00491	NS-3 Print 7.1.7. Gimbal Ascent EMAX servo Bottom; SKU: D00492	NS-3 Print 7.1.7. Gimbal Ascent EMAX servo Top; SKU: D00493	NS-3 Print 7.1.7. Gimbal Bearing Closer; SKU: D00494	NS-3 Print 7.1.7. Gimbal Bearing Spacer; SKU: D00495	NS-3 Print 7.1.7. Gimbal Left Upper Arm; SKU: D00496	NS-3 Print 7.1.7. Gimbal Lower Spacer; SKU: D00497	NS-3 Print 7.1.7. Gimbal Right Upper Arm; SKU: D00541	NS-3 Print 7.1.7. Top Dome Ascent Avatar; SKU: D00499	NS-3 Print 7.1.7. Upper electronics Ascent; SKU: D00510	NS-3 Print 7.1.7. Payload Door; SKU: D00511	NS-3 Print 7.1.7. Payload Space; SKU: D00512	NS-3 Print 7.1.7. Stack Close; SKU: D00513	NS-3 Print 7.1.7. Payload Door Handle; SKU: D00514	NS-3 Print 7.1.7. Payload Door Insert; SKU: D00515	NS-3 Print 7.1.7. Back Cover; SKU: D00516	NS-3 Print 7.1.7. Side Cover; SKU: D00517	NS-3 Print 7.1.7. Front Cover; SKU: D00518	NS-3 Print 7.1.7. Bottom Wing; SKU: D00519	NS-3 Print 7.1.7. Wing Fastener hub; SKU: D00520	NS-3 Print 7.1.7. Motor Cover; SKU: D00540	NS-3 Print 7.1.7. Proppeller Print (Gemfan v5); SKU: D00521	NS-3 Print 7.1.7. Battery Closer; SKU: D00522	NS-3 Print 7.1.7. Battery Door; SKU: D00523	NS-3 Print 7.1.7. Battery Door Handle; SKU: D00524	NS-3 Print 7.1.7. Battery Door Latch; SKU: D00525	NS-3 Print 7.1.7. Battery Door Latch Cover; SKU: D00526	NS-3 Print 7.1.7. Battery Space; SKU: D00527	NS-3 Print 7.1.7. Bottom fin; SKU: D00528	NS-3 Print 7.1.7. Bottom fin wall; SKU: D00601	NS-3 Print 7.1.7. Gimbal Thermal EMAX servo Bottom; SKU: D00602	NS-3 Print 7.1.7. Gimbal Thermal EMAX servo Top; SKU: D00603	NS-3 Print 7.1.7. Dome Analog; SKU: D00604	NS-3 Print 7.1.7. Upper electronics board Analog; SKU: D00605	NS-3 Print 7.1.7. Bottom fin TBS Airscrew,"1 890,10",,"0,00","396,92","2 287,02",17.09.2026,40203182303,"Rīga, Ulbrokas iela 23, LV-1021",Pavadzīme,"[{""seq"": 1, ""name"": ""SKU: D00491\tNS-3 Print 7.1.7. Gimbal Ascent EMAX servo Bottom"", ""unit"": ""Gab."", ""qty"": ""10.0"", ""price"": ""1,98"", ""total"": ""19,80"", ""raw_qty"": 10.0, ""raw_price"": 1.98}, {""seq"": 2, ""name"": ""SKU: D00492\tNS-3 Print 7.1.7. Gimbal Ascent EMAX servo Top"", ""unit"": ""Gab."", ""qty"": ""10.0"", ""price"": ""1,25"", ""total"": ""12,50"", ""raw_qty"": 10.0, ""raw_price"": 1.25}, {""seq"": 3, ""name"": ""SKU: D00493\tNS-3 Print 7.1.7. Gimbal Bearing Closer"", ""unit"": ""Gab."", ""qty"": ""20.0"", ""price"": ""0,45"", ""total"": ""9,00"", ""raw_qty"": 20.0, ""raw_price"": 0.45}, {""seq"": 4, ""name"": ""SKU: D00494\tNS-3 Print 7.1.7. Gimbal Bearing Spacer"", ""unit"": ""Gab."", ""qty"": ""20.0"", ""price"": ""0,20"", ""total"": ""4,00"", ""raw_qty"": 20.0, ""raw_price"": 0.2}, {""seq"": 5, ""name"": ""SKU: D00495\tNS-3 Print 7.1.7. Gimbal Left Upper Arm"", ""unit"": ""Gab."", ""qty"": ""20.0"", ""price"": ""0,54"", ""total"": ""10,80"", ""raw_qty"": 20.0, ""raw_price"": 0.54}, {""seq"": 6, ""name"": ""SKU: D00496\tNS-3 Print 7.1.7. Gimbal Lower Spacer"", ""unit"": ""Gab."", ""qty"": ""20.0"", ""price"": ""0,68"", ""total"": ""13,60"", ""raw_qty"": 20.0, ""raw_price"": 0.68}, {""seq"": 7, ""name"": ""SKU: D00497\tNS-3 Print 7.1.7. Gimbal Right Upper Arm"", ""unit"": ""Gab."", ""qty"": ""20.0"", ""price"": ""0,62"", ""total"": ""12,40"", ""raw_qty"": 20.0, ""raw_price"": 0.62}, {""seq"": 8, ""name"": ""SKU: D00541\tNS-3 Print 7.1.7. Top Dome Ascent Avatar"", ""unit"": ""Gab."", ""qty"": ""10.0"", ""price"": ""4,76"", ""total"": ""47,60"", ""raw_qty"": 10.0, ""raw_price"": 4.76}, {""seq"": 9, ""name"": ""SKU: D00499\tNS-3 Print 7.1.7. Upper electronics Ascent"", ""unit"": ""Gab."", ""qty"": ""10.0"", ""price"": ""4,28"", ""total"": ""42,80"", ""raw_qty"": 10.0, ""raw_price"": 4.28}, {""seq"": 10, ""name"": ""SKU: D00510\tNS-3 Print 7.1.7. Payload Door"", ""unit"": ""Gab."", ""qty"": ""20.0"", ""price"": ""4,73"", ""total"": ""94,60"", ""raw_qty"": 20.0, ""raw_price"": 4.73}, {""seq"": 11, ""name"": ""SKU: D00511\tNS-3 Print 7.1.7. Payload Space"", ""unit"": ""Gab."", ""qty"": ""20.0"", ""price"": ""6,15"", ""total"": ""123,00"", ""raw_qty"": 20.0, ""raw_price"": 6.15}, {""seq"": 12, ""name"": ""SKU: D00512\tNS-3 Print 7.1.7. Stack Close"", ""unit"": ""Gab."", ""qty"": ""20.0"", ""price"": ""4,56"", ""total"": ""91,20"", ""raw_qty"": 20.0, ""raw_price"": 4.56}, {""seq"": 13, ""name"": ""SKU: D00513\tNS-3 Print 7.1.7. Payload Door Handle"", ""unit"": ""Gab."", ""qty"": ""20.0"", ""price"": ""0,40"", ""total"": ""8,00"", ""raw_qty"": 20.0, ""raw_price"": 0.4}, {""seq"": 14, ""name"": ""SKU: D00514\tNS-3 Print 7.1.7. Payload Door Insert"", ""unit"": ""Gab."", ""qty"": ""20.0"", ""price"": ""0,65"", ""total"": ""13,00"", ""raw_qty"": 20.0, ""raw_price"": 0.65}, {""seq"": 15, ""name"": ""SKU: D00515\tNS-3 Print 7.1.7. Back Cover"", ""unit"": ""Gab."", ""qty"": ""20.0"", ""price"": ""0,48"", ""total"": ""9,60"", ""raw_qty"": 20.0, ""raw_price"": 0.48}, {""seq"": 16, ""name"": ""SKU: D00516\tNS-3 Print 7.1.7. Side Cover"", ""unit"": ""Gab."", ""qty"": ""40.0"", ""price"": ""0,48"", ""total"": ""19,20"", ""raw_qty"": 40.0, ""raw_price"": 0.48}, {""seq"": 17, ""name"": ""SKU: D00517\tNS-3 Print 7.1.7. Front Cover"", ""unit"": ""Gab."", ""qty"": ""20.0"", ""price"": ""0,45"", ""total"": ""9,00"", ""raw_qty"": 20.0, ""raw_price"": 0.45}, {""seq"": 18, ""name"": ""SKU: D00518\tNS-3 Print 7.1.7. Bottom Wing"", ""unit"": ""Gab."", ""qty"": ""80.0"", ""price"": ""1,11"", ""total"": ""88,80"", ""raw_qty"": 80.0, ""raw_price"": 1.11}, {""seq"": 19, ""name"": ""SKU: D00519\tNS-3 Print 7.1.7. Wing Fastener hub"", ""unit"": ""Gab."", ""qty"": ""80.0"", ""price"": ""0,79"", ""total"": ""63,20"", ""raw_qty"": 80.0, ""raw_price"": 0.79}, {""seq"": 20, ""name"": ""SKU: D00520\tNS-3 Print 7.1.7. Motor Cover"", ""unit"": ""Gab."", ""qty"": ""80.0"", ""price"": ""2,24"", ""total"": ""179,20"", ""raw_qty"": 80.0, ""raw_price"": 2.24}, {""seq"": 21, ""name"": ""SKU: D00540\tNS-3 Print 7.1.7. Proppeller Print (Gemfan v5)"", ""unit"": ""Gab."", ""qty"": ""80.0"", ""price"": ""0,31"", ""total"": ""24,80"", ""raw_qty"": 80.0, ""raw_price"": 0.31}, {""seq"": 22, ""name"": ""SKU: D00521\tNS-3 Print 7.1.7. Battery Closer"", ""unit"": ""Gab."", ""qty"": ""20.0"", ""price"": ""2,21"", ""total"": ""44,20"", ""raw_qty"": 20.0, ""raw_price"": 2.21}, {""seq"": 23, ""name"": ""SKU: D00522\tNS-3 Print 7.1.7. Battery Door"", ""unit"": ""Gab."", ""qty"": ""20.0"", ""price"": ""6,40"", ""total"": ""128,00"", ""raw_qty"": 20.0, ""raw_price"": 6.4}, {""seq"": 24, ""name"": ""SKU: D00523\tNS-3 Print 7.1.7. Battery Door Handle"", ""unit"": ""Gab."", ""qty"": ""20.0"", ""price"": ""0,88"", ""total"": ""17,60"", ""raw_qty"": 20.0, ""raw_price"": 0.88}, {""seq"": 25, ""name"": ""SKU: D00524\tNS-3 Print 7.1.7. Battery Door Latch"", ""unit"": ""Gab."", ""qty"": ""20.0"", ""price"": ""0,43"", ""total"": ""8,60"", ""raw_qty"": 20.0, ""raw_price"": 0.43}, {""seq"": 26, ""name"": ""SKU: D00525\tNS-3 Print 7.1.7. Battery Door Latch Cover"", ""unit"": ""Gab."", ""qty"": ""20.0"", ""price"": ""0,26"", ""total"": ""5,20"", ""raw_qty"": 20.0, ""raw_price"": 0.26}, {""seq"": 27, ""name"": ""SKU: D00526\tNS-3 Print 7.1.7. Battery Space"", ""unit"": ""Gab."", ""qty"": ""20.0"", ""price"": ""9,69"", ""total"": ""193,80"", ""raw_qty"": 20.0, ""raw_price"": 9.69}, {""seq"": 28, ""name"": ""SKU: D00527\tNS-3 Print 7.1.7. Bottom fin"", ""unit"": ""Gab."", ""qty"": ""10.0"", ""price"": ""1,19"", ""total"": ""11,90"", ""raw_qty"": 10.0, ""raw_price"": 1.19}, {""seq"": 29, ""name"": ""SKU: D00528\tNS-3 Print 7.1.7. Bottom fin wall"", ""unit"": ""Gab."", ""qty"": ""20.0"", ""price"": ""15,98"", ""total"": ""319,60"", ""raw_qty"": 20.0, ""raw_price"": 15.98}, {""seq"": 30, ""name"": ""SKU: D00601\tNS-3 Print 7.1.7. Gimbal Thermal EMAX servo Bottom"", ""unit"": ""Gab."", ""qty"": ""10.0"", ""price"": ""1,84"", ""total"": ""18,40"", ""raw_qty"": 10.0, ""raw_price"": 1.84}, {""seq"": 31, ""name"": ""SKU: D00602\tNS-3 Print 7.1.7. Gimbal Thermal EMAX servo Top"", ""unit"": ""Gab."", ""qty"": ""10.0"", ""price"": ""0,96"", ""total"": ""9,60"", ""raw_qty"": 10.0, ""raw_price"": 0.96}, {""seq"": 32, ""name"": ""SKU: D00603\tNS-3 Print 7.1.7. Dome Analog"", ""unit"": ""Gab."", ""qty"": ""10.0"", ""price"": ""4,70"", ""total"": ""47,00"", ""raw_qty"": 10.0, ""raw_price"": 4.7}, {""seq"": 33, ""name"": ""SKU: D00604\tNS-3 Print 7.1.7. Upper electronics board Analog"", ""unit"": ""Gab."", ""qty"": ""10.0"", ""price"": ""4,28"", ""total"": ""42,80"", ""raw_qty"": 10.0, ""raw_price"": 4.28}, {""seq"": 34, ""name"": ""SKU: D00605\tNS-3 Print 7.1.7. Bottom fin TBS Airscrew"", ""unit"": ""Gab."", ""qty"": ""10.0"", ""price"": ""14,73"", ""total"": ""147,30"", ""raw_qty"": 10.0, ""raw_price"": 14.73}]","CENA NORĀDĪTA PAR PRINTĒŠANU, DIGITĀLO UN MANUĀLO APSTRĀDI UN PIEGĀDI, KĀ ARĪ BEZ MATERIĀLA (FILAMENTA) IZMAKSĀM.",2026-09-10 13:33:48
40,10.09.2026,"MGS FACTORY, Sabiedrība ar ierobežotu atbildību",LV40103296990,10.09.2026,BR 0128,eCo2 HLC 80W CO2 stikla lampa; Piegāde līdz noliktavai,"635,00",,"0,00","133,35","768,35",24.09.2026,40103296990,"Kuldīgas nov., Ēdoles pag., ""Kalnzemnieki"", LV-3310",Avansa rēķins,"[{""seq"": 1, ""name"": ""eCo2 HLC 80W CO2 stikla lampa"", ""unit"": ""Gab."", ""qty"": ""1.0"", ""price"": ""595,00"", ""total"": ""595,00"", ""raw_qty"": 1.0, ""raw_price"": 595.0}, {""seq"": 2, ""name"": ""Piegāde līdz noliktavai"", ""unit"": ""Gab."", ""qty"": ""1.0"", ""price"": ""40,00"", ""total"": ""40,00"", ""raw_qty"": 1.0, ""raw_price"": 40.0}]",,2026-09-10 14:45:47
41,14.09.2026,"Temeso Systems, SIA",LV40203669742,14.09.2026,BR 0129,"CO2 lāzergravētājs KH90140; Preces piegāde, uzstādīšana un apmācības klienta telpās","5 994,21",,"0,00","1 258,78","7 252,99",28.09.2026,40203669742,"Rīga, Čiekurkalna 1. līnija 56, LV-1026",Avansa rēķins,"[{""seq"": 1, ""name"": ""CO2 lāzergravētājs KH90140"", ""unit"": ""Gab."", ""qty"": ""1.0"", ""price"": ""5 694,21"", ""total"": ""5 694,21"", ""raw_qty"": 1.0, ""raw_price"": 5694.21}, {""seq"": 2, ""name"": ""Preces piegāde, uzstādīšana un apmācības klienta telpās"", ""unit"": ""Gab."", ""qty"": ""1.0"", ""price"": ""300,00"", ""total"": ""300,00"", ""raw_qty"": 1.0, ""raw_price"": 300.0}]",,2026-09-14 12:12:12
42,15.09.2026,"DK UNITY, SIA",LV40203182303,15.09.2026,BR 0130,D00493	NS-3 Print 7.1.7. Gimbal Bearing Closer; + filaments; D00494	NS-3 Print 7.1.7. Gimbal Bearing Spacer; + filaments; D00512	NS-3 Print 7.1.7. Stack Close; + filaments; D00513	NS-3 Print 7.1.7. Payload Door Handle; + filaments; D00514	NS-3 Print 7.1.7. Payload Door Insert; + filaments; D00515	NS-3 Print 7.1.7. Back Cover; + filaments; D00516	NS-3 Print 7.1.7. Side Cover; + filaments; D00517	NS-3 Print 7.1.7. Front Cover; + filaments; D00518	NS-3 Print 7.1.7. Bottom Wing; + filaments; D00519	NS-3 Print 7.1.7. Wing Fastener hub; + filaments; D00520	NS-3 Print 7.1.7. Motor Cover; + filaments; D00521	NS-3 Print 7.1.7. Battery Closer; + filaments; D00522	NS-3 Print 7.1.7. Battery Door; + filaments; D00523	NS-3 Print 7.1.7. Battery Door Handle; + filaments; D00524	NS-3 Print 7.1.7. Battery Door Latch; + filaments; D00525	NS-3 Print 7.1.7. Battery Door Latch Cover; + filaments; D00526	NS-3 Print 7.1.7. Battery Space; + filaments,"3 183,12",,"0,00","668,46","3 851,58",29.09.2026,40203182303,"Rīga, Ulbrokas iela 23, LV-1021",Pavadzīme,"[{""seq"": 1, ""name"": ""D00493\tNS-3 Print 7.1.7. Gimbal Bearing Closer; + filaments"", ""unit"": ""Gab."", ""qty"": ""90.0"", ""price"": ""0,47"", ""total"": ""42,30"", ""raw_qty"": 90.0, ""raw_price"": 0.47}, {""seq"": 2, ""name"": ""D00494\tNS-3 Print 7.1.7. Gimbal Bearing Spacer; + filaments"", ""unit"": ""Gab."", ""qty"": ""88.0"", ""price"": ""0,21"", ""total"": ""18,48"", ""raw_qty"": 88.0, ""raw_price"": 0.21}, {""seq"": 3, ""name"": ""D00512\tNS-3 Print 7.1.7. Stack Close; + filaments"", ""unit"": ""Gab."", ""qty"": ""28.0"", ""price"": ""5,77"", ""total"": ""161,56"", ""raw_qty"": 28.0, ""raw_price"": 5.77}, {""seq"": 4, ""name"": ""D00513\tNS-3 Print 7.1.7. Payload Door Handle; + filaments"", ""unit"": ""Gab."", ""qty"": ""85.0"", ""price"": ""0,43"", ""total"": ""36,55"", ""raw_qty"": 85.0, ""raw_price"": 0.43}, {""seq"": 5, ""name"": ""D00514\tNS-3 Print 7.1.7. Payload Door Insert; + filaments"", ""unit"": ""Gab."", ""qty"": ""92.0"", ""price"": ""0,76"", ""total"": ""69,92"", ""raw_qty"": 92.0, ""raw_price"": 0.76}, {""seq"": 6, ""name"": ""D00515\tNS-3 Print 7.1.7. Back Cover; + filaments"", ""unit"": ""Gab."", ""qty"": ""90.0"", ""price"": ""0,52"", ""total"": ""46,80"", ""raw_qty"": 90.0, ""raw_price"": 0.52}, {""seq"": 7, ""name"": ""D00516\tNS-3 Print 7.1.7. Side Cover; + filaments"", ""unit"": ""Gab."", ""qty"": ""183.0"", ""price"": ""0,53"", ""total"": ""96,99"", ""raw_qty"": 183.0, ""raw_price"": 0.53}, {""seq"": 8, ""name"": ""D00517\tNS-3 Print 7.1.7. Front Cover; + filaments"", ""unit"": ""Gab."", ""qty"": ""90.0"", ""price"": ""0,50"", ""total"": ""45,00"", ""raw_qty"": 90.0, ""raw_price"": 0.5}, {""seq"": 9, ""name"": ""D00518\tNS-3 Print 7.1.7. Bottom Wing; + filaments"", ""unit"": ""Gab."", ""qty"": ""368.0"", ""price"": ""1,31"", ""total"": ""482,08"", ""raw_qty"": 368.0, ""raw_price"": 1.31}, {""seq"": 10, ""name"": ""D00519\tNS-3 Print 7.1.7. Wing Fastener hub; + filaments"", ""unit"": ""Gab."", ""qty"": ""368.0"", ""price"": ""0,88"", ""total"": ""323,84"", ""raw_qty"": 368.0, ""raw_price"": 0.88}, {""seq"": 11, ""name"": ""D00520\tNS-3 Print 7.1.7. Motor Cover; + filaments"", ""unit"": ""Gab."", ""qty"": ""388.0"", ""price"": ""2,51"", ""total"": ""973,88"", ""raw_qty"": 388.0, ""raw_price"": 2.51}, {""seq"": 12, ""name"": ""D00521\tNS-3 Print 7.1.7. Battery Closer; + filaments"", ""unit"": ""Gab."", ""qty"": ""35.0"", ""price"": ""2,84"", ""total"": ""99,40"", ""raw_qty"": 35.0, ""raw_price"": 2.84}, {""seq"": 13, ""name"": ""D00522\tNS-3 Print 7.1.7. Battery Door; + filaments"", ""unit"": ""Gab."", ""qty"": ""35.0"", ""price"": ""7,24"", ""total"": ""253,40"", ""raw_qty"": 35.0, ""raw_price"": 7.24}, {""seq"": 14, ""name"": ""D00523\tNS-3 Print 7.1.7. Battery Door Handle; + filaments"", ""unit"": ""Gab."", ""qty"": ""30.0"", ""price"": ""0,94"", ""total"": ""28,20"", ""raw_qty"": 30.0, ""raw_price"": 0.94}, {""seq"": 15, ""name"": ""D00524\tNS-3 Print 7.1.7. Battery Door Latch; + filaments"", ""unit"": ""Gab."", ""qty"": ""88.0"", ""price"": ""0,65"", ""total"": ""57,20"", ""raw_qty"": 88.0, ""raw_price"": 0.65}, {""seq"": 16, ""name"": ""D00525\tNS-3 Print 7.1.7. Battery Door Latch Cover; + filaments"", ""unit"": ""Gab."", ""qty"": ""92.0"", ""price"": ""0,28"", ""total"": ""25,76"", ""raw_qty"": 92.0, ""raw_price"": 0.28}, {""seq"": 17, ""name"": ""D00526\tNS-3 Print 7.1.7. Battery Space; + filaments"", ""unit"": ""Gab."", ""qty"": ""32.0"", ""price"": ""13,18"", ""total"": ""421,76"", ""raw_qty"": 32.0, ""raw_price"": 13.18}]",nan,2026-09-15 11:55:08
